matchId,teamId,side,win,firstBlood,firstTower,firstInhibitor,firstDragon,firstBaron,firstHerald,championKills,towerKills,inhibitorKills,baronKills,dragonKills,riftHeraldKills
BR1_2862377433,100,blue,True,False,False,False,False,False,False,0,0,0,0,0,0
BR1_2862377433,200,red,False,False,False,False,False,False,False,0,0,0,0,0,0
BR1_2862685890,100,blue,True,False,True,True,True,False,True,38,11,3,1,1,2
BR1_2862685890,200,red,False,True,False,False,False,True,False,19,1,0,0,2,0
BR1_2859251123,100,blue,False,True,True,False,True,False,False,30,7,0,1,2,1
BR1_2859251123,200,red,True,False,False,True,False,True,True,29,10,2,2,3,1
BR1_2861926996,100,blue,False,True,False,True,True,False,False,39,6,1,1,0,1
BR1_2861926996,200,red,True,False,True,False,False,True,True,31,9,1,1,5,1
BR1_2861692298,100,blue,False,True,False,False,False,False,False,36,3,0,0,0,1
BR1_2861692298,200,red,True,False,True,True,True,True,True,44,10,2,2,3,1
BR1_2860320723,100,blue,False,True,True,False,False,False,True,15,2,0,0,1,1
BR1_2860320723,200,red,True,False,False,True,True,True,False,34,9,1,1,3,1
BR1_2862613692,100,blue,False,False,True,False,False,False,False,37,3,0,0,1,0
BR1_2862613692,200,red,True,True,False,True,True,True,True,36,10,1,2,3,1
BR1_2864732390,100,blue,False,False,False,True,True,False,True,57,6,1,1,3,1
BR1_2864732390,200,red,True,True,True,False,False,True,False,49,9,1,1,2,0
BR1_2862813509,100,blue,False,False,False,False,False,False,False,6,1,0,0,0,0
BR1_2862813509,200,red,True,True,True,True,False,True,True,24,9,1,0,2,2
BR1_2864392036,100,blue,True,True,True,True,True,True,True,47,8,1,1,4,2
BR1_2864392036,200,red,False,False,False,False,False,False,False,27,3,0,0,0,0
BR1_2861770273,100,blue,True,True,False,True,False,True,False,35,7,1,0,3,1
BR1_2861770273,200,red,False,False,True,False,False,False,True,25,4,0,0,0,1
BR1_2864750723,100,blue,False,False,False,False,False,False,False,13,0,0,0,0,0
BR1_2864750723,200,red,True,True,True,True,False,True,True,34,9,2,0,1,2
BR1_2861370386,100,blue,False,True,False,False,False,False,False,12,0,0,0,0,0
BR1_2861370386,200,red,True,False,True,False,False,True,True,27,5,0,0,3,2
BR1_2865494097,100,blue,False,False,False,False,False,False,False,9,0,0,0,0,0
BR1_2865494097,200,red,True,True,True,False,False,True,True,22,3,0,0,1,2
BR1_2865182585,100,blue,False,True,True,False,True,True,True,24,3,0,1,3,2
BR1_2865182585,200,red,True,False,False,True,False,False,False,32,8,1,0,1,0
BR1_2862646521,100,blue,True,False,False,False,True,True,True,29,6,0,1,4,2
BR1_2862646521,200,red,False,True,True,False,False,False,False,17,3,0,0,0,0
BR1_2862743483,100,blue,False,False,True,False,False,False,False,19,2,0,0,1,0
BR1_2862743483,200,red,True,True,False,True,True,True,True,34,9,2,1,3,2
BR1_2863323276,100,blue,False,True,False,False,False,False,False,9,1,0,0,0,0
BR1_2863323276,200,red,True,False,True,True,False,True,True,25,10,2,0,2,2
BR1_2860905065,100,blue,True,False,True,True,True,True,True,36,8,1,1,2,2
BR1_2860905065,200,red,False,True,False,False,False,False,False,26,3,0,0,1,0
BR1_2861857337,100,blue,False,False,True,False,False,False,False,27,3,0,0,0,0
BR1_2861857337,200,red,True,True,False,True,True,True,True,42,10,2,1,3,2
BR1_2858485434,100,blue,True,True,True,True,True,True,False,28,9,1,1,3,1
BR1_2858485434,200,red,False,False,False,False,False,False,True,10,1,0,0,0,1
BR1_2862589244,100,blue,True,True,True,True,True,True,False,51,10,2,1,4,1
BR1_2862589244,200,red,False,False,False,False,False,False,True,32,10,2,2,2,1
BR1_2863296498,100,blue,False,False,False,False,False,False,False,3,0,0,0,0,0
BR1_2863296498,200,red,True,True,True,False,False,True,True,12,3,0,0,1,2
BR1_2858513560,100,blue,True,True,True,True,False,True,True,42,9,1,0,3,2
BR1_2858513560,200,red,False,False,False,False,True,False,False,38,3,0,2,2,0
BR1_2860942910,100,blue,True,True,True,False,False,False,True,28,7,1,0,0,2
BR1_2860942910,200,red,False,False,False,True,False,True,False,21,6,1,0,4,0
BR1_2865054208,100,blue,True,False,True,True,False,False,True,41,7,1,1,2,2
BR1_2865054208,200,red,False,True,False,False,True,True,False,21,4,0,1,2,0
BR1_2859674962,100,blue,True,True,False,True,True,False,False,33,8,1,1,1,0
BR1_2859674962,200,red,False,False,True,False,False,True,True,28,3,0,0,2,1
BR1_2863852096,100,blue,False,False,False,False,False,False,True,6,0,0,0,0,1
BR1_2863852096,200,red,True,True,True,False,False,True,False,13,2,0,0,1,0
BR1_2862686527,100,blue,True,True,True,False,False,True,True,17,2,0,0,1,1
BR1_2862686527,200,red,False,False,False,False,False,False,False,13,1,0,0,1,0
BR1_2860299170,100,blue,False,True,True,False,False,False,True,10,1,0,0,0,1
BR1_2860299170,200,red,True,False,False,False,False,True,False,20,1,0,0,3,1
BR1_2865529018,100,blue,False,False,False,False,False,False,False,9,3,0,0,1,0
BR1_2865529018,200,red,True,True,True,True,True,True,True,38,10,2,1,2,2
BR1_2859737224,100,blue,False,False,True,False,False,False,True,24,4,0,0,0,1
BR1_2859737224,200,red,True,True,False,True,True,True,False,45,11,3,1,3,0
BR1_2863531286,100,blue,True,False,True,True,True,False,True,29,8,1,1,1,2
BR1_2863531286,200,red,False,True,False,False,False,True,False,17,3,0,1,2,0
BR1_2865446492,100,blue,False,True,True,False,False,False,True,12,1,0,0,0,1
BR1_2865446492,200,red,True,False,False,False,False,True,False,26,4,0,0,1,1
BR1_2858016931,100,blue,False,False,False,False,False,False,True,15,3,0,0,0,1
BR1_2858016931,200,red,True,True,True,True,True,True,False,24,11,4,2,4,1
BR1_2859615220,100,blue,False,True,False,False,False,False,False,16,4,0,0,0,1
BR1_2859615220,200,red,True,False,True,True,True,True,True,26,11,2,1,4,1
BR1_2860111945,100,blue,True,False,True,True,True,False,True,27,7,1,1,2,2
BR1_2860111945,200,red,False,True,False,False,False,True,False,27,1,0,0,2,0
BR1_2863609880,100,blue,True,False,False,True,True,True,True,36,6,1,2,3,2
BR1_2863609880,200,red,False,True,True,False,False,False,False,27,5,0,0,1,0
BR1_2861965268,100,blue,False,False,True,False,True,False,True,34,4,0,1,0,2
BR1_2861965268,200,red,True,True,False,True,False,True,False,36,7,1,1,4,0
BR1_2863256178,100,blue,True,False,False,True,True,True,False,44,11,2,1,2,0
BR1_2863256178,200,red,False,True,True,False,False,False,True,20,4,0,0,1,2
BR1_2860527786,100,blue,False,True,True,False,False,True,True,19,4,0,0,3,2
BR1_2860527786,200,red,True,False,False,True,True,False,False,37,11,2,1,1,0
BR1_2862089770,100,blue,True,True,False,True,True,True,False,31,10,4,2,4,1
BR1_2862089770,200,red,False,False,True,False,False,False,True,16,6,0,0,2,1
BR1_2865019750,100,blue,False,True,False,False,False,False,False,31,2,0,0,0,1
BR1_2865019750,200,red,True,False,True,True,True,True,True,36,9,1,1,3,1
BR1_2862117985,100,blue,True,True,True,False,False,True,False,22,3,0,0,2,1
BR1_2862117985,200,red,False,False,False,False,False,False,True,6,2,0,0,0,1
BR1_2859757283,100,blue,True,True,False,False,True,True,True,37,8,1,3,4,2
BR1_2859757283,200,red,False,False,True,True,False,False,False,25,10,3,0,1,0
BR1_2865483383,100,blue,False,True,False,False,False,True,False,19,3,0,0,2,1
BR1_2865483383,200,red,True,False,True,True,True,False,True,33,11,2,2,2,1
BR1_2859233119,100,blue,True,True,True,True,True,False,True,32,9,1,1,2,2
BR1_2859233119,200,red,False,False,False,False,False,True,False,14,2,0,0,1,0
BR1_2863570307,100,blue,False,True,False,False,False,True,False,27,1,0,0,1,0
BR1_2863570307,200,red,True,False,True,True,True,False,True,45,11,3,1,2,2
BR1_2862088695,100,blue,False,True,True,False,True,True,False,25,4,0,1,4,1
BR1_2862088695,200,red,True,False,False,True,False,False,True,29,8,1,1,0,1
BR1_2859544058,100,blue,False,False,False,False,False,False,False,12,0,0,0,0,0
BR1_2859544058,200,red,True,True,True,True,True,True,True,29,10,2,1,2,2
BR1_2858584189,100,blue,False,True,True,True,True,True,True,49,8,3,1,4,2
BR1_2858584189,200,red,True,False,False,False,False,False,False,44,7,1,1,2,0
BR1_2858780191,100,blue,True,False,True,False,True,True,True,31,6,0,1,2,2
BR1_2858780191,200,red,False,True,False,False,False,False,False,23,2,0,0,1,0
BR1_2858617675,100,blue,False,True,True,True,True,False,True,33,8,1,1,1,2
BR1_2858617675,200,red,True,False,False,False,False,True,False,28,8,1,1,3,0
BR1_2862962639,100,blue,False,True,False,False,False,True,True,6,1,0,0,1,1
BR1_2862962639,200,red,True,False,True,False,False,False,False,17,2,0,0,1,0
BR1_2864801766,100,blue,True,False,False,True,True,False,False,24,9,2,1,1,1
BR1_2864801766,200,red,False,True,True,False,False,True,True,21,1,0,0,1,1
BR1_2862731214,100,blue,False,False,False,False,False,True,False,5,0,0,0,2,0
BR1_2862731214,200,red,True,True,True,False,False,False,True,18,6,0,0,1,2
BR1_2860536766,100,blue,False,False,True,False,False,True,False,27,3,0,0,2,0
BR1_2860536766,200,red,True,True,False,True,True,False,True,29,10,2,1,1,2
BR1_2859480040,100,blue,True,True,False,True,False,False,False,34,8,1,0,1,0
BR1_2859480040,200,red,False,False,True,False,True,True,True,19,4,0,2,4,2
BR1_2862539230,100,blue,True,True,True,True,True,False,False,40,10,2,1,2,0
BR1_2862539230,200,red,False,False,False,False,False,True,True,13,2,0,0,2,2
BR1_2864669820,100,blue,False,True,False,False,False,False,True,12,3,0,0,0,1
BR1_2864669820,200,red,True,False,True,True,True,True,False,28,8,2,1,4,1
BR1_2859535348,100,blue,True,False,False,False,False,False,False,0,0,0,0,0,0
BR1_2859535348,200,red,False,False,False,False,False,False,False,0,0,0,0,0,0
BR1_2862061029,100,blue,False,False,False,False,False,False,True,25,2,0,0,1,1
BR1_2862061029,200,red,True,True,True,True,True,True,False,37,10,2,1,3,1
BR1_2865447959,100,blue,False,True,True,False,False,False,True,11,2,0,0,0,1
BR1_2865447959,200,red,True,False,False,False,False,True,False,24,1,0,0,2,1
BR1_2860065864,100,blue,False,False,False,False,False,False,False,14,0,0,0,0,0
BR1_2860065864,200,red,True,True,True,True,False,True,True,26,10,2,0,2,2
BR1_2860564392,100,blue,True,True,True,False,True,True,True,64,8,1,2,5,1
BR1_2860564392,200,red,False,False,False,True,False,False,False,30,6,1,0,0,1
BR1_2862269156,100,blue,True,True,True,True,True,False,True,47,11,4,1,3,2
BR1_2862269156,200,red,False,False,False,False,False,True,False,24,2,0,0,1,0
BR1_2854664253,100,blue,False,True,True,True,True,False,True,41,7,1,1,3,2
BR1_2854664253,200,red,True,False,False,False,False,True,False,35,11,3,1,2,0
BR1_2864498986,100,blue,True,True,False,True,True,False,False,38,11,5,2,2,1
BR1_2864498986,200,red,False,False,True,False,False,True,True,35,1,0,0,1,1
BR1_2863275748,100,blue,True,True,True,True,True,False,True,44,9,1,1,2,2
BR1_2863275748,200,red,False,False,False,False,False,True,False,30,0,0,0,1,0
BR1_2862709197,100,blue,True,True,False,True,True,True,True,37,8,1,1,4,2
BR1_2862709197,200,red,False,False,True,False,False,False,False,25,3,0,0,1,0
BR1_2861384301,100,blue,True,False,True,True,False,True,True,31,7,1,0,2,2
BR1_2861384301,200,red,False,True,False,False,False,False,False,21,0,0,0,0,0
BR1_2862218715,100,blue,False,True,False,False,False,True,True,12,0,0,0,1,1
BR1_2862218715,200,red,True,False,True,False,False,False,False,25,5,0,0,1,0
BR1_2858661995,100,blue,True,True,True,False,False,True,True,22,1,0,0,1,1
BR1_2858661995,200,red,False,False,False,False,False,False,False,9,0,0,0,0,0
BR1_2864207055,100,blue,True,False,True,True,True,False,True,28,6,1,1,2,2
BR1_2864207055,200,red,False,True,False,False,False,True,False,16,2,0,0,2,0
BR1_2864400908,100,blue,True,False,True,False,True,False,False,41,8,1,1,2,0
BR1_2864400908,200,red,False,True,False,True,False,True,True,26,6,1,0,2,2
BR1_2857932212,100,blue,False,True,False,False,False,False,False,21,2,0,0,0,0
BR1_2857932212,200,red,True,False,True,True,True,True,True,35,8,1,1,3,2
BR1_2857959209,100,blue,False,False,True,False,True,True,True,30,4,0,1,2,2
BR1_2857959209,200,red,True,True,False,True,False,False,False,36,7,1,0,1,0
BR1_2857893342,100,blue,False,True,True,True,False,False,True,50,6,1,0,1,1
BR1_2857893342,200,red,True,False,False,False,True,True,False,44,10,2,2,4,1
BR1_2858754568,100,blue,False,True,False,False,False,False,True,32,3,0,0,0,2
BR1_2858754568,200,red,True,False,True,True,True,True,False,34,11,3,1,4,0
BR1_2860006871,100,blue,False,True,True,False,False,True,False,22,4,0,0,2,0
BR1_2860006871,200,red,True,False,False,True,True,False,True,33,4,1,1,2,2
BR1_2862245406,100,blue,False,False,False,False,False,True,False,14,1,0,0,1,0
BR1_2862245406,200,red,True,True,True,True,True,False,True,36,10,2,1,1,2
BR1_2855318145,100,blue,True,True,True,True,True,True,True,37,7,1,1,3,2
BR1_2855318145,200,red,False,False,False,False,False,False,False,28,3,0,0,0,0
BR1_2860991105,100,blue,False,False,False,False,False,False,True,21,0,0,0,0,1
BR1_2860991105,200,red,True,True,True,False,True,True,False,30,4,0,1,3,0
BR1_2865482549,100,blue,True,True,True,True,False,True,True,43,9,1,0,3,2
BR1_2865482549,200,red,False,False,False,False,True,False,False,25,1,0,1,0,0
BR1_2865508690,100,blue,False,True,False,False,False,False,False,20,1,0,0,0,0
BR1_2865508690,200,red,True,False,True,True,True,True,True,43,11,2,1,3,2
BR1_2863860644,100,blue,True,False,True,True,True,True,False,49,9,2,2,2,1
BR1_2863860644,200,red,False,True,False,False,False,False,True,24,8,1,0,2,1
BR1_2863437923,100,blue,True,False,True,True,False,False,False,38,8,1,0,1,0
BR1_2863437923,200,red,False,True,False,False,True,True,True,28,2,0,1,3,2
BR1_2861944888,100,blue,False,False,False,False,False,False,False,24,2,0,0,0,0
BR1_2861944888,200,red,True,True,True,True,True,True,True,43,11,2,2,4,2
BR1_2859603672,100,blue,True,False,True,False,False,True,False,22,5,0,0,1,1
BR1_2859603672,200,red,False,True,False,False,False,False,True,7,0,0,0,1,1
BR1_2865068222,100,blue,False,False,False,False,False,True,False,5,0,0,0,1,0
BR1_2865068222,200,red,True,True,True,False,False,False,True,14,1,0,0,0,1
BR1_2862871422,100,blue,False,False,False,False,True,False,False,18,4,0,1,4,0
BR1_2862871422,200,red,True,True,True,True,False,True,True,27,10,2,1,1,2
BR1_2862053662,100,blue,True,True,True,True,True,True,True,41,11,4,1,3,1
BR1_2862053662,200,red,False,False,False,False,False,False,False,22,0,0,0,1,0
BR1_2860219580,100,blue,False,True,False,False,False,True,False,8,0,0,0,1,0
BR1_2860219580,200,red,True,False,True,False,False,False,True,12,3,0,0,1,2
BR1_2863249244,100,blue,True,True,True,True,True,True,True,38,10,1,1,2,1
BR1_2863249244,200,red,False,False,False,False,False,False,False,19,3,0,0,1,1
BR1_2860237960,100,blue,True,True,False,True,True,False,False,22,8,1,1,1,1
BR1_2860237960,200,red,False,False,True,False,False,True,True,17,3,0,0,3,1
BR1_2860339444,100,blue,False,False,False,False,False,False,True,27,4,0,0,1,1
BR1_2860339444,200,red,True,True,True,True,True,True,False,36,8,1,1,2,1
BR1_2857873957,100,blue,False,True,True,False,False,False,True,22,3,0,0,2,1
BR1_2857873957,200,red,True,False,False,True,True,True,False,34,9,2,1,2,1
BR1_2857402414,100,blue,False,False,True,False,False,False,True,11,1,0,0,0,1
BR1_2857402414,200,red,True,True,False,True,False,True,False,26,9,1,0,2,1
BR1_2863406752,100,blue,False,False,False,False,False,True,True,4,0,0,0,1,1
BR1_2863406752,200,red,True,True,True,False,False,False,False,17,2,0,0,0,1
BR1_2860078751,100,blue,True,False,True,True,True,True,False,23,9,2,1,2,1
BR1_2860078751,200,red,False,True,False,False,False,False,True,9,2,0,0,1,1
BR1_2858249279,100,blue,False,False,False,False,False,True,False,19,2,0,0,1,1
BR1_2858249279,200,red,True,True,True,True,True,False,True,41,9,2,1,3,1
BR1_2863313977,100,blue,True,True,True,True,False,True,True,16,5,1,0,1,2
BR1_2863313977,200,red,False,False,False,False,False,False,False,6,0,0,0,0,0
BR1_2865210455,100,blue,False,True,False,False,False,False,True,16,3,0,0,0,1
BR1_2865210455,200,red,True,False,True,True,True,True,False,23,11,3,1,3,1
BR1_2859556117,100,blue,True,True,True,False,False,True,True,19,3,0,0,1,1
BR1_2859556117,200,red,False,False,False,False,False,False,False,3,0,0,0,0,0
BR1_2860944230,100,blue,False,True,False,False,False,True,False,13,0,0,0,2,0
BR1_2860944230,200,red,True,False,True,True,True,False,True,28,8,1,1,1,2
BR1_2862333889,100,blue,True,True,True,True,True,False,True,30,8,1,1,2,1
BR1_2862333889,200,red,False,False,False,False,False,True,False,17,2,0,0,1,1
BR1_2864900663,100,blue,True,True,True,False,False,True,True,22,1,0,0,1,2
BR1_2864900663,200,red,False,False,False,False,False,False,False,8,0,0,0,0,0
BR1_2862609262,100,blue,True,False,False,False,False,False,False,0,0,0,0,0,0
BR1_2862609262,200,red,False,False,False,False,False,False,False,0,0,0,0,0,0
BR1_2859538458,100,blue,True,True,True,True,False,True,True,28,9,2,0,2,2
BR1_2859538458,200,red,False,False,False,False,False,False,False,9,0,0,0,1,0
BR1_2861801854,100,blue,False,True,True,False,True,True,False,45,3,0,1,3,0
BR1_2861801854,200,red,True,False,False,True,False,False,True,39,7,1,1,1,2
BR1_2860283324,100,blue,True,True,False,True,True,True,False,28,9,2,1,2,1
BR1_2860283324,200,red,False,False,True,False,False,False,True,12,1,0,0,2,1
BR1_2860378458,100,blue,True,False,False,True,True,False,False,45,9,3,4,4,0
BR1_2860378458,200,red,False,True,True,False,False,True,True,34,6,1,0,3,2
BR1_2862699704,100,blue,False,True,False,False,True,False,False,45,0,0,1,1,0
BR1_2862699704,200,red,True,False,True,True,False,True,True,41,11,2,0,3,2
BR1_2857427855,100,blue,False,True,True,False,False,False,True,31,7,1,0,1,2
BR1_2857427855,200,red,True,False,False,True,True,True,False,32,10,2,1,3,0
BR1_2865134450,100,blue,False,True,False,False,False,False,True,13,2,0,0,0,1
BR1_2865134450,200,red,True,False,True,True,True,True,False,28,11,2,1,2,1
BR1_2863235212,100,blue,True,False,True,True,True,True,True,39,8,1,1,3,2
BR1_2863235212,200,red,False,True,False,False,False,False,False,16,0,0,0,0,0
BR1_2862239761,100,blue,True,True,True,False,False,True,False,28,5,0,0,1,1
BR1_2862239761,200,red,False,False,False,False,False,False,True,14,1,0,0,1,1
BR1_2862137742,100,blue,False,True,True,False,False,True,True,13,1,0,0,1,1
BR1_2862137742,200,red,True,False,False,False,False,False,False,17,1,0,0,0,0
BR1_2859525186,100,blue,False,False,False,False,False,True,False,30,2,0,0,1,1
BR1_2859525186,200,red,True,True,True,True,True,False,True,31,11,2,1,2,1
BR1_2860962704,100,blue,True,True,False,False,False,False,False,34,4,0,0,0,1
BR1_2860962704,200,red,False,False,True,False,False,True,True,19,3,0,0,3,1
BR1_2864820873,100,blue,True,True,False,True,True,True,True,36,10,2,2,3,1
BR1_2864820873,200,red,False,False,True,False,False,False,False,31,6,0,0,2,1
BR1_2860930099,100,blue,True,True,True,False,False,True,True,18,3,0,0,2,2
BR1_2860930099,200,red,False,False,False,False,False,False,False,11,1,0,0,0,0
BR1_2862528660,100,blue,False,True,False,False,True,False,False,23,2,0,1,0,1
BR1_2862528660,200,red,True,False,True,True,False,True,True,42,6,1,0,3,1
BR1_2854997098,100,blue,True,True,True,False,False,True,True,39,10,1,0,1,2
BR1_2854997098,200,red,False,False,False,True,True,False,False,33,5,1,1,3,0
BR1_2858187695,100,blue,False,True,True,False,False,False,False,28,5,0,0,2,0
BR1_2858187695,200,red,True,False,False,True,True,True,True,27,7,2,1,2,2
BR1_2859526063,100,blue,False,False,True,False,False,False,True,27,2,0,0,0,2
BR1_2859526063,200,red,True,True,False,True,True,True,False,47,10,2,1,4,0
BR1_2863887747,100,blue,True,False,False,True,False,False,True,43,10,2,1,2,2
BR1_2863887747,200,red,False,True,True,False,True,True,False,34,4,0,1,2,0
BR1_2862180355,100,blue,True,True,False,True,True,False,False,34,9,1,1,0,0
BR1_2862180355,200,red,False,False,True,False,False,True,True,29,2,0,0,3,2
BR1_2864851625,100,blue,True,True,True,True,True,False,True,48,9,1,1,2,2
BR1_2864851625,200,red,False,False,False,False,False,True,False,29,3,0,0,2,0
BR1_2863212684,100,blue,True,False,True,False,True,True,True,29,6,0,1,3,2
BR1_2863212684,200,red,False,True,False,False,False,False,False,16,0,0,0,0,0
BR1_2862052248,100,blue,False,False,False,False,False,True,False,13,1,0,0,2,0
BR1_2862052248,200,red,True,True,True,True,False,False,True,33,9,1,0,1,2
BR1_2859192608,100,blue,True,False,False,True,True,False,False,24,8,1,1,2,1
BR1_2859192608,200,red,False,True,True,False,False,True,True,13,4,0,0,2,1
BR1_2862597998,100,blue,True,False,True,True,True,True,False,33,9,1,1,4,1
BR1_2862597998,200,red,False,True,False,False,False,False,True,15,3,0,0,0,1
BR1_2858892552,100,blue,False,False,False,False,False,False,False,17,4,0,0,0,0
BR1_2858892552,200,red,True,True,True,True,True,True,True,28,10,2,1,3,2
BR1_2865460274,100,blue,False,False,False,False,False,False,True,18,4,0,0,0,1
BR1_2865460274,200,red,True,True,True,True,True,True,False,30,11,3,1,3,1
BR1_2862202727,100,blue,False,False,True,False,False,False,True,18,2,0,0,0,1
BR1_2862202727,200,red,True,True,False,False,True,True,False,35,3,0,1,3,0
BR1_2857294619,100,blue,True,True,True,False,False,True,True,20,3,0,0,2,1
BR1_2857294619,200,red,False,False,False,False,False,False,False,8,0,0,0,0,0
BR1_2865470236,100,blue,True,False,False,True,True,True,False,46,7,1,1,4,1
BR1_2865470236,200,red,False,True,True,False,False,False,True,33,5,0,0,0,1
BR1_2862873992,100,blue,True,True,True,False,False,True,True,17,5,0,0,3,2
BR1_2862873992,200,red,False,False,False,False,False,False,False,7,2,0,0,0,0
BR1_2860432559,100,blue,False,True,True,False,False,False,True,25,6,0,0,2,2
BR1_2860432559,200,red,True,False,False,True,True,True,False,42,8,1,2,3,0
BR1_2861405850,100,blue,False,False,False,False,False,False,False,17,2,0,0,0,0
BR1_2861405850,200,red,True,True,True,True,True,True,True,27,11,3,1,3,2
BR1_2859548544,100,blue,False,True,True,False,False,True,True,46,5,0,1,2,1
BR1_2859548544,200,red,True,False,False,True,True,False,False,46,11,4,3,5,0
BR1_2864634569,100,blue,False,False,True,False,False,True,False,39,6,0,0,2,1
BR1_2864634569,200,red,True,True,False,True,True,False,True,52,10,1,2,2,1
BR1_2863578817,100,blue,True,True,False,False,True,False,False,38,7,1,1,2,0
BR1_2863578817,200,red,False,False,True,True,False,True,True,37,5,1,0,2,2
BR1_2862021929,100,blue,False,True,True,True,False,False,True,48,8,2,1,3,2
BR1_2862021929,200,red,True,False,False,False,True,True,False,45,10,2,1,2,0
BR1_2860363617,100,blue,False,False,False,False,False,False,False,0,0,0,0,0,0
BR1_2860363617,200,red,True,False,False,False,False,False,False,0,0,0,0,0,0
BR1_2861278799,100,blue,True,True,True,True,True,False,True,32,7,1,1,2,2
BR1_2861278799,200,red,False,False,False,False,False,True,False,17,2,0,0,1,0
BR1_2865476913,100,blue,False,False,False,False,False,False,False,6,0,0,0,0,0
BR1_2865476913,200,red,True,True,True,False,False,True,True,16,2,0,0,1,1
BR1_2857282751,100,blue,True,True,True,False,False,True,True,19,4,0,0,2,1
BR1_2857282751,200,red,False,False,False,False,False,False,False,4,0,0,0,0,0
BR1_2859494716,100,blue,True,True,True,True,False,True,True,58,10,2,0,4,1
BR1_2859494716,200,red,False,False,False,False,False,False,False,31,3,0,0,0,0
BR1_2863862802,100,blue,True,False,True,True,True,True,True,43,10,2,1,2,1
BR1_2863862802,200,red,False,True,False,False,False,False,False,26,2,0,0,1,0
BR1_2858809374,100,blue,True,False,False,True,True,False,False,48,11,2,3,1,0
BR1_2858809374,200,red,False,True,True,False,False,True,True,46,6,0,0,5,2
BR1_2862663745,100,blue,False,False,True,False,False,False,False,13,1,0,0,0,0
BR1_2862663745,200,red,True,True,False,False,False,True,True,23,3,0,0,1,1
BR1_2865160052,100,blue,True,False,False,True,True,False,False,53,9,2,2,3,1
BR1_2865160052,200,red,False,True,True,False,False,True,True,29,3,0,0,1,1
BR1_2861637349,100,blue,True,False,False,True,True,False,True,43,10,1,2,3,1
BR1_2861637349,200,red,False,True,True,False,False,True,False,30,2,0,0,1,1
BR1_2855712864,100,blue,False,False,False,False,False,False,False,12,0,0,0,0,0
BR1_2855712864,200,red,True,True,True,True,False,True,True,26,7,1,0,2,1
BR1_2864917878,100,blue,True,False,True,True,True,False,True,32,10,1,2,2,2
BR1_2864917878,200,red,False,True,False,False,False,True,False,44,3,0,0,3,0
BR1_2864780203,100,blue,True,True,True,True,False,True,True,32,9,1,0,2,2
BR1_2864780203,200,red,False,False,False,False,False,False,False,11,0,0,0,0,0
BR1_2864524219,100,blue,True,True,True,True,False,False,True,34,10,2,1,2,1
BR1_2864524219,200,red,False,False,False,False,True,True,False,30,6,0,1,4,1
BR1_2862067177,100,blue,False,True,False,False,False,False,False,27,1,0,0,1,1
BR1_2862067177,200,red,True,False,True,False,True,True,True,48,7,0,1,3,1
BR1_2863193229,100,blue,False,True,True,False,False,True,False,10,2,0,0,1,1
BR1_2863193229,200,red,True,False,False,False,False,False,True,20,3,0,0,2,1
BR1_2864807035,100,blue,False,False,False,False,False,False,False,0,0,0,0,0,0
BR1_2864807035,200,red,True,True,False,False,False,False,False,1,0,0,0,0,0
BR1_2864493600,100,blue,False,False,False,False,False,True,True,14,2,0,0,1,1
BR1_2864493600,200,red,True,True,True,True,True,False,False,33,11,2,1,3,0
BR1_2865051186,100,blue,False,False,False,False,False,True,False,17,2,0,0,1,0
BR1_2865051186,200,red,True,True,True,True,True,False,True,35,9,1,1,1,2
BR1_2860201798,100,blue,True,True,False,True,True,True,False,24,6,1,1,1,1
BR1_2860201798,200,red,False,False,True,False,False,False,True,28,3,0,0,3,1
BR1_2860594557,100,blue,False,False,False,False,False,False,False,12,1,0,0,0,0
BR1_2860594557,200,red,True,True,True,True,False,True,True,27,8,1,0,2,2
BR1_2863531782,100,blue,True,True,True,True,True,False,True,29,11,4,2,2,1
BR1_2863531782,200,red,False,False,False,False,False,True,False,39,7,1,0,2,0
BR1_2861835114,100,blue,True,True,False,True,True,True,False,39,9,2,2,4,1
BR1_2861835114,200,red,False,False,True,False,False,False,True,22,4,0,0,1,1
BR1_2858964688,100,blue,True,False,True,True,True,True,True,34,6,1,1,2,2
BR1_2858964688,200,red,False,True,False,False,False,False,False,24,3,0,0,0,0
BR1_2860655881,100,blue,True,True,True,True,False,True,False,48,7,1,0,3,1
BR1_2860655881,200,red,False,False,False,False,True,False,True,22,5,0,1,1,1
BR1_2858984026,100,blue,False,False,False,False,False,False,False,19,3,0,0,1,0
BR1_2858984026,200,red,True,True,True,True,True,True,True,30,10,2,1,3,2
BR1_2859636253,100,blue,True,True,True,True,True,False,False,31,11,3,1,2,1
BR1_2859636253,200,red,False,False,False,False,False,True,True,15,1,0,0,1,1
BR1_2859873175,100,blue,False,True,True,True,False,False,True,46,5,1,0,2,1
BR1_2859873175,200,red,True,False,False,False,True,True,False,46,10,2,2,4,1
BR1_2863505184,100,blue,False,False,True,True,True,True,True,23,8,1,2,2,2
BR1_2863505184,200,red,True,True,False,False,False,False,False,32,7,1,0,3,0
BR1_2864909453,100,blue,False,False,False,False,False,False,False,28,1,0,0,0,0
BR1_2864909453,200,red,True,True,True,True,False,True,False,52,11,3,0,3,0
BR1_2858497230,100,blue,False,False,True,False,False,False,True,15,3,0,0,0,1
BR1_2858497230,200,red,True,True,False,False,True,True,False,27,4,0,1,2,0
BR1_2862607653,100,blue,False,True,True,False,False,False,True,22,1,0,0,0,1
BR1_2862607653,200,red,True,False,False,True,True,True,False,34,10,2,1,4,1
BR1_2862633994,100,blue,False,True,True,False,False,False,True,22,5,0,0,0,2
BR1_2862633994,200,red,True,False,False,True,True,True,False,45,9,1,1,5,0
BR1_2865102856,100,blue,True,True,True,True,True,True,True,30,11,3,1,4,2
BR1_2865102856,200,red,False,False,False,False,False,False,False,30,4,0,0,1,0
BR1_2863203308,100,blue,False,True,False,False,False,False,False,5,0,0,0,0,0
BR1_2863203308,200,red,True,False,True,False,False,True,True,18,3,0,0,2,1
BR1_2862033717,100,blue,False,False,True,False,False,False,True,30,4,0,0,1,2
BR1_2862033717,200,red,True,True,False,True,True,True,False,30,9,1,1,2,0
BR1_2860616387,100,blue,True,False,False,True,True,False,False,42,7,1,1,1,0
BR1_2860616387,200,red,False,True,True,False,False,True,True,27,5,0,0,3,2
BR1_2857890453,100,blue,False,False,False,False,False,True,False,11,1,0,0,1,0
BR1_2857890453,200,red,True,True,True,True,False,False,True,26,7,1,0,1,2
BR1_2858043307,100,blue,False,True,False,False,False,False,True,27,3,0,0,0,1
BR1_2858043307,200,red,True,False,True,True,True,True,False,36,7,1,1,3,1
BR1_2862581459,100,blue,True,True,True,True,True,True,False,38,11,2,1,4,0
BR1_2862581459,200,red,False,False,False,False,False,False,True,18,1,0,0,1,1
BR1_2859044245,100,blue,True,False,False,True,True,True,True,45,10,2,1,3,1
BR1_2859044245,200,red,False,True,True,False,False,False,False,29,6,0,0,1,1
BR1_2865263038,100,blue,False,False,False,False,False,False,False,17,3,0,0,1,0
BR1_2865263038,200,red,True,True,True,True,True,True,True,34,9,1,1,3,2
BR1_2857785916,100,blue,True,True,True,True,True,True,True,40,11,2,2,4,1
BR1_2857785916,200,red,False,False,False,False,False,False,False,25,3,0,0,1,0
BR1_2864671027,100,blue,True,True,True,True,False,True,True,35,9,2,0,2,1
BR1_2864671027,200,red,False,False,False,False,False,False,False,11,0,0,0,0,0
BR1_2864530269,100,blue,False,False,False,False,False,False,False,28,0,0,0,0,0
BR1_2864530269,200,red,True,True,True,True,True,True,True,40,10,2,1,4,2
BR1_2859554309,100,blue,True,False,False,True,False,True,False,38,9,2,1,4,0
BR1_2859554309,200,red,False,True,True,False,True,False,True,21,4,0,1,1,2
BR1_2857988501,100,blue,False,False,False,False,False,False,False,11,1,0,0,0,0
BR1_2857988501,200,red,True,True,True,False,False,True,True,25,5,0,0,2,1
BR1_2863305045,100,blue,False,True,False,False,False,False,False,23,2,0,0,0,1
BR1_2863305045,200,red,True,False,True,True,True,True,True,33,9,1,2,3,1
BR1_2859079049,100,blue,True,True,False,True,True,True,False,30,9,1,1,3,0
BR1_2859079049,200,red,False,False,True,False,False,False,True,20,4,0,0,1,2
BR1_2859624759,100,blue,False,True,False,False,False,True,False,18,0,0,0,3,0
BR1_2859624759,200,red,True,False,True,True,True,False,True,20,11,3,1,1,2
BR1_2861017103,100,blue,False,True,False,False,False,True,True,20,3,0,0,1,1
BR1_2861017103,200,red,True,False,True,True,True,False,False,28,8,1,1,1,1
BR1_2862559164,100,blue,False,False,True,False,False,False,True,21,4,0,0,1,1
BR1_2862559164,200,red,True,True,False,True,True,True,False,38,9,1,1,4,1
BR1_2864694905,100,blue,False,False,True,False,False,True,False,15,2,0,0,2,0
BR1_2864694905,200,red,True,True,False,True,True,False,True,35,9,1,1,2,2
BR1_2859685887,100,blue,False,True,True,True,False,False,True,21,9,3,0,0,2
BR1_2859685887,200,red,True,False,False,False,True,True,False,44,7,1,2,4,0
BR1_2864233794,100,blue,True,True,False,True,True,True,False,31,7,2,1,4,0
BR1_2864233794,200,red,False,False,True,False,False,False,True,21,3,0,0,1,2
BR1_2859087858,100,blue,False,False,False,False,False,False,False,0,0,0,0,0,0
BR1_2859087858,200,red,True,False,False,False,False,False,False,0,0,0,0,0,0
BR1_2865499333,100,blue,True,False,False,True,True,False,False,49,11,3,1,3,1
BR1_2865499333,200,red,False,True,True,False,False,True,True,34,3,0,0,2,1
BR1_2863493079,100,blue,False,True,False,False,False,True,False,20,5,0,0,2,1
BR1_2863493079,200,red,True,False,True,True,True,False,True,18,9,1,1,1,1
BR1_2860189295,100,blue,False,True,False,False,False,False,False,16,0,0,0,0,0
BR1_2860189295,200,red,True,False,True,True,True,True,True,25,7,2,1,2,2
BR1_2858934981,100,blue,True,False,True,True,True,False,True,42,10,3,1,2,2
BR1_2858934981,200,red,False,True,False,False,False,True,False,30,2,0,1,2,0
BR1_2858069371,100,blue,False,True,False,False,False,False,True,30,4,0,1,0,1
BR1_2858069371,200,red,True,False,True,True,True,True,False,44,11,3,1,4,1
BR1_2862034075,100,blue,True,True,True,True,True,True,True,31,9,1,1,3,2
BR1_2862034075,200,red,False,False,False,False,False,False,False,11,2,0,0,0,0
BR1_2858483018,100,blue,False,False,False,False,False,False,False,0,0,0,0,0,0
BR1_2858483018,200,red,True,True,False,False,False,False,False,1,0,0,0,0,0
BR1_2857999613,100,blue,False,True,False,False,False,False,True,13,2,0,0,0,1
BR1_2857999613,200,red,True,False,True,False,True,True,False,35,6,0,1,3,1
BR1_2865232746,100,blue,True,True,True,True,True,True,True,41,8,1,1,2,2
BR1_2865232746,200,red,False,False,False,False,False,False,False,26,1,0,0,2,0
BR1_2857370947,100,blue,False,False,False,False,False,False,False,14,3,0,0,0,0
BR1_2857370947,200,red,True,True,True,True,True,True,True,30,10,2,1,1,1
BR1_2862633439,100,blue,False,True,False,False,False,False,False,12,1,0,0,0,0
BR1_2862633439,200,red,True,False,True,False,False,True,True,21,2,0,0,2,1
BR1_2857268909,100,blue,False,False,False,False,False,False,False,17,2,0,0,1,0
BR1_2857268909,200,red,True,True,True,True,True,True,True,31,8,1,1,3,2
BR1_2865281216,100,blue,True,True,True,True,True,False,False,26,9,1,1,0,1
BR1_2865281216,200,red,False,False,False,False,False,True,True,9,1,0,0,4,1
BR1_2865065229,100,blue,False,False,False,False,False,True,False,40,3,0,0,2,0
BR1_2865065229,200,red,True,True,True,True,True,False,True,38,11,4,2,1,2
BR1_2861653018,100,blue,False,False,False,False,False,True,False,15,2,0,0,2,0
BR1_2861653018,200,red,True,True,True,False,False,False,True,22,5,0,0,0,2
BR1_2864365030,100,blue,False,True,False,False,True,False,False,34,4,0,1,1,0
BR1_2864365030,200,red,True,False,True,True,False,True,True,51,10,4,1,3,2
BR1_2860049206,100,blue,True,True,True,True,False,True,True,30,9,2,0,3,2
BR1_2860049206,200,red,False,False,False,False,False,False,False,8,0,0,0,0,0
BR1_2864458758,100,blue,True,True,False,True,False,False,False,37,11,3,0,1,1
BR1_2864458758,200,red,False,False,True,False,True,True,True,32,3,0,1,3,1
BR1_2860264771,100,blue,True,True,False,True,False,False,False,42,7,1,2,1,1
BR1_2860264771,200,red,False,False,True,False,True,True,True,38,6,0,1,4,1
BR1_2854677570,100,blue,False,True,False,False,False,False,False,4,0,0,0,0,0
BR1_2854677570,200,red,True,False,True,False,False,True,True,20,4,0,0,2,1
BR1_2858218810,100,blue,False,False,False,False,False,False,True,11,3,0,0,0,1
BR1_2858218810,200,red,True,True,True,True,False,True,False,21,7,1,0,3,1
BR1_2860044198,100,blue,True,False,True,False,True,False,True,26,7,0,1,2,1
BR1_2860044198,200,red,False,True,False,True,False,True,False,16,6,1,0,1,1
BR1_2863896801,100,blue,False,False,False,False,False,False,False,7,0,0,0,1,0
BR1_2863896801,200,red,True,True,True,False,False,True,True,30,6,0,0,1,1
BR1_2865466978,100,blue,True,True,True,True,False,True,True,31,6,1,0,2,1
BR1_2865466978,200,red,False,False,False,False,False,False,False,11,0,0,0,0,0
BR1_2864561140,100,blue,False,False,False,False,False,False,True,22,1,0,0,0,1
BR1_2864561140,200,red,True,True,True,True,True,True,False,38,10,2,1,4,1
BR1_2855294997,100,blue,True,False,True,True,True,False,False,27,7,1,1,0,1
BR1_2855294997,200,red,False,True,False,False,False,True,True,22,3,0,0,2,1
BR1_2859438604,100,blue,False,False,True,True,False,False,True,41,8,2,0,2,2
BR1_2859438604,200,red,True,True,False,False,True,True,False,45,6,1,2,3,0
BR1_2863228050,100,blue,False,True,False,False,False,True,False,25,3,0,0,2,1
BR1_2863228050,200,red,True,False,True,True,True,False,True,26,10,2,1,2,1
BR1_2857491598,100,blue,True,False,True,True,True,False,True,38,11,3,1,1,2
BR1_2857491598,200,red,False,True,False,False,False,True,False,21,1,0,0,1,0
BR1_2862076470,100,blue,True,True,True,False,False,True,True,25,3,0,0,2,1
BR1_2862076470,200,red,False,False,False,False,False,False,False,13,1,0,0,0,0
BR1_2864780127,100,blue,False,True,False,True,False,True,False,24,7,1,0,2,0
BR1_2864780127,200,red,True,False,True,False,True,False,True,37,9,1,1,2,2
BR1_2865499704,100,blue,True,True,False,False,False,False,False,1,0,0,0,0,0
BR1_2865499704,200,red,False,False,False,False,False,False,False,0,0,0,0,0,0
BR1_2863211430,100,blue,True,True,True,False,False,False,True,22,2,0,0,0,1
BR1_2863211430,200,red,False,False,False,False,False,True,False,6,0,0,0,1,0
BR1_2863452370,100,blue,True,True,True,False,True,False,True,38,7,1,1,1,1
BR1_2863452370,200,red,False,False,False,True,False,True,False,24,5,1,0,2,0
BR1_2861933979,100,blue,True,True,True,True,True,False,False,32,10,2,1,1,0
BR1_2861933979,200,red,False,False,False,False,False,True,True,19,1,0,0,3,1
BR1_2865093575,100,blue,True,True,True,True,True,True,True,33,9,2,1,2,2
BR1_2865093575,200,red,False,False,False,False,False,False,False,11,0,0,0,0,0
BR1_2859834205,100,blue,False,True,False,False,False,False,False,3,0,0,0,0,0
BR1_2859834205,200,red,True,False,False,False,False,True,False,4,0,0,0,1,0
BR1_2860295272,100,blue,True,False,False,False,True,False,True,36,9,1,2,2,2
BR1_2860295272,200,red,False,True,True,True,False,True,False,29,6,1,0,3,0
BR1_2865076854,100,blue,True,True,False,True,True,False,True,30,9,1,1,2,1
BR1_2865076854,200,red,False,False,True,False,False,True,False,19,3,0,0,3,0
BR1_2864533538,100,blue,True,False,True,True,True,False,True,48,9,2,1,3,2
BR1_2864533538,200,red,False,True,False,False,False,True,False,23,3,0,0,1,0
BR1_2863269575,100,blue,False,True,False,False,False,True,False,15,2,0,0,3,1
BR1_2863269575,200,red,True,False,True,True,True,False,True,22,7,1,1,1,1
BR1_2857965373,100,blue,False,False,False,False,False,False,True,20,1,0,0,0,1
BR1_2857965373,200,red,True,True,True,True,True,True,False,36,9,1,1,2,1
BR1_2865539714,100,blue,False,True,True,True,True,True,True,37,8,1,2,2,2
BR1_2865539714,200,red,True,False,False,False,False,False,False,49,10,2,0,2,0
